Accuracy,AUC-ROC
0.9353499913249189,0.9835521496209195
